ncl,cltype,LCO,LCOerr,LHCO,LHCOerr,LHCN,LHCNerr,vel_dispCO,vel_dispCOerr,vel_dispHCO,vel_dispHCOerr,vel_dispHCN,vel_dispHCNerr,maj,min,R,Rerr,area,perim,LHCO43,LHCO43err,vel_dispHCO43,vel_dispHCO43err,LHCN43,LHCN43err,vel_dispHCN43,vel_dispHCN43err,L13CO,L13COerr,vel_disp13CO,vel_disp13COerr,Q0,CM_SNR,SFR_SD
0,0,nan,nan,nan,nan,nan,nan,nan,nan,nan,nan,nan,nan,23.96,39.22,40.06,11.43,5690,403.2,nan,nan,nan,nan,nan,nan,nan,nan,2.541e+04,4253,5.063,0.07147,2.769e+52,1.203,359.9
1,0,7.204e+06,7.267e+05,nan,nan,nan,nan,37.4,0.5544,nan,nan,nan,nan,62.03,149.8,153.9,64.29,5.835e+04,2448,nan,nan,nan,nan,nan,nan,nan,nan,9.755e+05,9.984e+04,39.21,0.6394,1.078e+54,1.204,391.4
2,1,4.942e+06,5.002e+05,nan,nan,nan,nan,37.11,0.5957,nan,nan,nan,nan,56.05,83.13,106.9,36.96,4.324e+04,1958,nan,nan,nan,nan,nan,nan,nan,nan,6.834e+05,7.052e+04,38.62,0.6411,6.758e+53,1.132,382.9
3,1,4.671e+06,4.731e+05,nan,nan,nan,nan,36.97,0.608,nan,nan,nan,nan,55.6,82.58,106.1,36.19,3.946e+04,1929,nan,nan,nan,nan,nan,nan,nan,nan,6.407e+05,6.622e+04,38.63,0.6417,6.028e+53,1.083,382.8
4,2,3.094e+05,3.82e+04,nan,nan,nan,nan,9.231,0.156,nan,nan,nan,nan,26.74,37.18,41.82,7.536,5943,432,nan,nan,nan,nan,nan,nan,nan,nan,6.215e+04,7991,9.086,0.1234,4.387e+52,0.8783,385.1
5,1,3.972e+06,4.029e+05,nan,nan,nan,nan,37.1,0.6816,nan,nan,nan,nan,55.32,84.54,107.1,43.36,3.7e+04,1881,nan,nan,nan,nan,nan,nan,nan,nan,5.245e+05,5.457e+04,37.17,0.6227,5.005e+53,1.112,381.8
6,1,7.281e+05,7.944e+04,nan,nan,nan,nan,14.48,0.2816,nan,nan,nan,nan,37.97,17.12,28.98,8.341,1.205e+04,902.3,nan,nan,nan,nan,nan,nan,nan,nan,1.134e+05,1.339e+04,13.53,0.2012,9.535e+52,0.9487,400.2
7,2,5.577e+05,6.223e+04,nan,nan,nan,nan,14.3,0.2799,nan,nan,nan,nan,37.99,21.96,36.42,19.53,8547,595.2,nan,nan,nan,nan,nan,nan,nan,nan,8.806e+04,1.077e+04,13.33,0.1983,7.423e+52,0.9779,397.3
8,1,3.234e+06,3.288e+05,nan,nan,nan,nan,34.88,0.6156,nan,nan,nan,nan,32.65,83.21,79.38,50.55,2.804e+04,1363,nan,nan,nan,nan,nan,nan,nan,nan,4.098e+05,4.307e+04,35.54,0.6268,4.037e+53,1.159,376.4
9,2,9.583e+05,1.014e+05,nan,nan,nan,nan,13.57,0.177,nan,nan,nan,nan,18.29,43.91,35.27,19.81,1.025e+04,604.8,nan,nan,nan,nan,nan,nan,nan,nan,1.414e+05,1.597e+04,13.83,0.1964,1.46e+53,1.342,354.6
10,2,5.605e+04,1.044e+04,nan,nan,nan,nan,3.54,0.05879,nan,nan,nan,nan,12.58,34.1,15.98,9.933,2073,249.6,nan,nan,nan,nan,nan,nan,nan,nan,8755,2161,3.394,0.04869,5.884e+51,0.7615,423.4
11,2,1.04e+06,1.095e+05,nan,nan,nan,nan,24.69,0.3007,nan,nan,nan,nan,20.17,23.97,19.98,6.397,9721,681.6,nan,nan,nan,nan,nan,nan,nan,nan,1.25e+05,1.466e+04,27.47,0.4236,1.955e+53,1.688,428.9
12,2,1.861e+06,1.911e+05,nan,nan,nan,nan,25.13,0.3835,nan,nan,nan,nan,33.28,53.3,61.72,23.51,1.504e+04,825.5,nan,nan,nan,nan,nan,nan,nan,nan,2.162e+05,2.37e+04,26.27,0.4035,1.973e+53,1.057,387.6
13,0,9.601e+05,1.02e+05,nan,nan,nan,nan,18.83,0.3508,nan,nan,nan,nan,19.04,69.28,51.06,43.12,1.272e+04,767.9,nan,nan,nan,nan,nan,nan,nan,nan,1.49e+05,1.679e+04,18.81,0.286,1.552e+53,1.305,329.8
14,0,1.007e+06,1.085e+05,3.769e+04,8557,3.72e+04,8972,16.21,0.3298,0.1339,1366,-0.1929,0.48,25.79,44.86,46.68,11.31,1.52e+04,902.3,nan,nan,nan,nan,nan,nan,nan,nan,2.863e+05,3.004e+04,14,0.1679,1.652e+53,1.009,1$
15,0,4.976e+04,1.085e+04,552.7,594.1,1408,1199,4.776,0.08345,1.031,0.02454,2.676,0.1616,14.45,19.18,nan,5.659,2672,278.4,nan,nan,nan,nan,nan,nan,nan,nan,1.559e+04,2666,4.561,0.06792,6.51e+51,0.7038,82.77
16,0,5.507e+06,5.559e+05,7.21e+04,1.162e+04,3.144e+04,9803,22.15,0.372,12.1,0.5269,0.142,1432,76.55,110.7,146.7,33.99,5.487e+04,2160,nan,nan,nan,nan,nan,nan,nan,nan,1.501e+06,1.511e+05,21.49,0.3228,7.824e+53,1.$
17,1,1.868e+06,1.918e+05,nan,nan,nan,nan,15.56,0.2816,nan,nan,nan,nan,85.57,30.71,77.88,18.01,2.294e+04,1133,nan,nan,nan,nan,nan,nan,nan,nan,5.288e+05,5.377e+04,15,0.2337,1.975e+53,1.05,263.2
18,2,1.944e+05,2.598e+04,nan,nan,nan,nan,7.412,0.1121,nan,nan,nan,nan,29.19,20.53,26.56,5.13,4239,355.2,nan,nan,nan,nan,nan,nan,nan,nan,3.236e+04,5042,7.477,0.113,6.075e+52,2.054,383.3
19,0,7.396e+05,8.044e+04,1.79e+04,6327,2658,5743,8.242,0.1345,9.797,0.4103,0.2714,0.0624,28.57,27.12,34.19,2.995,1.451e+04,815.9,nan,nan,nan,nan,nan,nan,nan,nan,1.382e+05,1.554e+04,8.341,0.1116,9.222e+52,0.9254$
20,0,1.985e+05,2.445e+04,nan,nan,nan,nan,4.459,0.07461,nan,nan,nan,nan,19.72,23.36,18.42,6.009,4077,384,nan,nan,nan,nan,nan,nan,nan,nan,6.013e+04,6813,4.527,0.06461,1.588e+52,0.7824,224.3
21,2,4.2e+05,4.645e+04,nan,nan,nan,nan,7.565,0.1234,nan,nan,nan,nan,38.51,27.11,43.36,5.375,6289,460.8,nan,nan,nan,nan,nan,nan,nan,nan,1.286e+05,1.361e+04,7.419,0.1117,4.698e+52,1.199,265.1
22,2,4.117e+05,4.565e+04,nan,nan,nan,nan,6.745,0.1094,nan,nan,nan,nan,38.72,17.31,29.88,16.01,6750,518.4,nan,nan,nan,nan,nan,nan,nan,nan,1.191e+05,1.271e+04,6.735,0.1035,2.886e+52,0.7457,261.2
23,2,1.941e+06,1.987e+05,6.131e+04,1.007e+04,2.696e+04,8421,13.25,0.1949,0.6909,0.09443,-0.173,13.19,59.71,40.39,74.13,16.89,1.831e+04,873.5,nan,nan,nan,nan,nan,nan,nan,nan,5.368e+05,5.452e+04,12.38,0.1409,3.09$
24,0,6.114e+05,6.756e+04,nan,nan,nan,nan,10.74,0.165,nan,nan,nan,nan,40.17,46.85,63.99,17.82,1.371e+04,700.7,nan,nan,nan,nan,nan,nan,nan,nan,8.676e+04,1.081e+04,10.78,0.1674,1.547e+53,1.882,299.2
25,0,7.574e+06,7.628e+05,nan,nan,nan,nan,29.72,0.6205,nan,nan,nan,nan,61.13,118.4,135.1,45.22,8.008e+04,4358,1.353e+05,2.057e+04,30.35,0.817,nan,nan,nan,nan,1.111e+06,1.129e+05,27.6,0.4304,8.819e+53,1.093,726.9
26,2,3.105e+06,3.154e+05,nan,nan,nan,nan,19.43,0.3462,nan,nan,nan,nan,59.76,37.89,71.45,17.18,2.645e+04,1382,5.345e+04,1.081e+04,17.05,0.3617,nan,nan,nan,nan,4.7e+05,4.861e+04,18.29,0.2521,4.588e+53,1.509,1014
27,2,3.257e+06,3.312e+05,nan,nan,nan,nan,24.93,0.4991,nan,nan,nan,nan,28.66,50.62,54.37,10.34,3.35e+04,1910,5.516e+04,1.175e+04,23.77,0.6569,nan,nan,nan,nan,4.658e+05,4.849e+04,23.5,0.3647,3.184e+53,0.8859,516.3
28,0,2.768e+07,2.771e+06,9.014e+05,9.439e+04,3.859e+05,4.755e+04,38.99,0.6241,21.36,0.249,32.58,0.8751,74.84,94.71,133.6,40.49,7.849e+04,2179,4.267e+04,1.179e+04,6.919,0.2845,nan,nan,nan,nan,4.328e+06,4.338e+05$
29,0,4.144e+07,4.149e+06,7.768e+05,8.822e+04,3.18e+05,5.112e+04,57.57,0.8946,18.42,0.6125,16.2,0.3965,150.8,102.5,199.9,52.76,2.03e+05,5212,nan,nan,nan,nan,nan,nan,nan,nan,5.18e+06,5.2e+05,56.7,0.7937,9.381e+54$
30,0,2.128e+07,2.132e+06,6.6e+05,7.099e+04,3.922e+05,4.705e+04,35.27,0.5554,32.74,0.634,0.8471,0.07216,94.9,198.3,221,90.63,9.196e+04,3369,2.027e+05,2.357e+04,22.12,0.4807,9.954e+04,1.951e+04,3.826,0.2595,3.332$
31,1,3.999e+07,4.004e+06,7.505e+05,8.544e+04,3.06e+05,4.963e+04,54.46,0.8787,16.44,0.6089,14.63,0.3627,153.5,102.3,201.5,52.94,1.889e+05,4483,nan,nan,nan,nan,nan,nan,nan,nan,4.983e+06,5.003e+05,53.15,0.7497,9.0$
32,2,1.407e+06,1.438e+05,6.989e+04,9774,6.597e+04,9787,25.65,0.3657,24.65,0.3749,24.37,0.4018,18.58,19.72,9.474,5.689,6312,432,nan,nan,nan,nan,nan,nan,nan,nan,9.97e+04,1.201e+04,26.21,0.3772,1.757e+53,1.983,422$
33,2,3.702e+05,4.055e+04,nan,nan,nan,nan,9.039,0.1513,nan,nan,nan,nan,21.79,14.12,nan,25.71,5298,403.2,1.331e+04,3424,7.389,0.1674,nan,nan,nan,nan,5.434e+04,6581,8.892,0.1388,3.302e+52,1.211,1624
34,1,9.932e+06,9.965e+05,3.546e+05,3.953e+04,2.229e+05,2.836e+04,26.63,0.4848,26.35,0.5797,24.24,0.6267,104.1,68.16,133.7,26.62,4.315e+04,1737,1394,1708,1.932,0.0403,5640,3535,4.801,0.07788,1.784e+06,1.793e+05,$
35,1,9.472e+05,9.764e+04,2.363e+04,5503,2.417e+04,5848,17.28,0.3031,1.789,0.126,16,0.5145,40.34,15.13,27.1,21.03,6588,576,nan,nan,nan,nan,nan,nan,nan,nan,1.406e+05,1.503e+04,17.19,0.2941,5.345e+52,0.956,373.4
36,2,6.824e+05,7.117e+04,1.685e+04,4527,1.834e+04,4923,12.45,0.189,1.692,0.09119,11.25,0.3494,28.31,12.72,8.562,41.17,6059,576,nan,nan,nan,nan,nan,nan,nan,nan,1.034e+05,1.129e+04,12.59,0.1991,3.45e+52,0.8483,37$
37,1,7.725e+06,7.758e+05,3.001e+05,3.379e+04,1.795e+05,2.372e+04,24.84,0.4251,25.38,0.5435,0.7193,0.1326,46.07,84.1,96.74,22.28,3.308e+04,1219,801.9,1408,1.548,0.03134,3805,2961,4.336,0.07442,1.456e+06,1.465e+0$
38,2,3.973e+06,4.003e+05,1.814e+05,2.118e+04,1.137e+05,1.592e+04,22.47,0.3572,22.11,0.4324,22.9,0.6182,40.95,57.85,73.36,6.497,1.576e+04,672,nan,nan,nan,nan,nan,nan,nan,nan,8.366e+05,8.437e+04,21.49,0.2795,9.71$
39,0,2.026e+05,2.683e+04,7411,3839,nan,nan,4.489,0.06323,3.693,0.09223,nan,nan,26.39,47.33,49.21,23.18,6681,489.6,nan,nan,nan,nan,nan,nan,nan,nan,3.936e+04,5571,4.345,0.05418,-4.7e+51,-0.1527,287
40,1,1.623e+07,1.626e+06,7.17e+05,7.456e+04,3.018e+05,3.65e+04,26.24,0.359,21.19,0.1855,22.71,0.3988,80.88,47.98,96.83,38.41,4.775e+04,1680,372,3970,1.175,0.1113,nan,nan,nan,nan,2.713e+06,2.721e+05,24.66,0.2612$
41,1,1.773e+07,1.775e+06,7.42e+05,7.725e+04,3.126e+05,3.795e+04,26.39,0.3615,21.22,0.2115,22.85,0.4381,81.94,51,100.8,39.28,5.116e+04,1641,1.005e+04,5785,5.084,0.1693,nan,nan,nan,nan,2.93e+06,2.937e+05,24.83,0.$
42,1,3.593e+06,3.625e+05,1.171e+05,1.589e+04,6.876e+04,1.278e+04,18.52,0.3156,17.35,0.331,17.3,0.4396,32.34,80.62,77.54,38.96,1.947e+04,1018,1.318e+05,1.609e+04,18.37,0.37,5e+04,1.285e+04,14.04,0.3831,4.7e+05,4$
43,1,1.335e+07,1.337e+06,6.477e+05,6.726e+04,2.684e+05,3.251e+04,25.11,0.3602,21.29,0.2027,22.63,0.3802,81.15,44.88,93.51,24.41,3.308e+04,1018,nan,nan,nan,nan,nan,nan,nan,nan,2.284e+06,2.291e+05,23.46,0.2517,1.$
44,2,1.305e+06,1.336e+05,4.306e+04,7689,2.601e+04,6907,15.11,0.2507,15.12,0.3669,14.9,0.4503,16.23,37.06,26.66,25,8362,547.2,5.353e+04,7830,13.33,0.2185,nan,nan,nan,nan,1.914e+05,2.017e+04,15.05,0.234,1.286e+53$
45,0,3.944e+05,4.497e+04,nan,nan,nan,nan,10.36,0.2041,nan,nan,nan,nan,45.79,25.22,46.61,23.52,6588,432,nan,nan,nan,nan,nan,nan,nan,nan,6.132e+04,7814,10.32,0.1554,-1.716e+52,-0.3696,403.5
46,1,3.491e+07,3.496e+06,6.245e+05,7.312e+04,nan,nan,43.97,0.5202,44.12,0.9209,nan,nan,174,88.61,199.7,83.88,1.681e+05,4156,nan,nan,nan,nan,nan,nan,nan,nan,4.446e+06,4.466e+05,46.56,0.67,7.785e+54,2.298,377.5
47,1,3.154e+07,3.159e+06,5.817e+05,6.838e+04,nan,nan,43.81,0.5218,44.39,0.9473,nan,nan,173.8,86.62,197.2,76.14,1.485e+05,3657,nan,nan,nan,nan,nan,nan,nan,nan,4.029e+06,4.047e+05,46.52,0.6772,6.895e+54,2.319,378$
48,2,8.114e+05,8.44e+04,nan,nan,nan,nan,10.42,0.1626,nan,nan,nan,nan,22.28,37.89,36.78,17.91,7648,547.2,8466,3691,4.422,0.1053,nan,nan,nan,nan,1.169e+05,1.28e+04,10.4,0.1606,1.555e+53,2.897,1735
49,2,4.475e+05,4.811e+04,2.445e+04,4725,1.891e+04,4633,7.949,0.1423,7.329,0.1501,6.491,0.1283,35.98,17.04,27.24,21.47,4930,393.6,nan,nan,nan,nan,819.9,1447,3.283,0.05249,8.864e+04,9709,7.5,0.1052,2.775e+52,0.89$
50,1,2.743e+07,2.748e+06,5.232e+05,6.201e+04,nan,nan,43.22,0.5383,44.07,1.01,nan,nan,168.8,90.54,198.8,82.99,1.33e+05,3821,nan,nan,nan,nan,nan,nan,nan,nan,3.533e+06,3.55e+05,45.56,0.6826,5.818e+54,2.326,379.6
51,1,2.379e+07,2.383e+06,4.657e+05,5.581e+04,nan,nan,43.26,0.5615,43.96,0.9805,nan,nan,167.4,86.41,193.2,49.11,1.111e+05,2822,nan,nan,nan,nan,nan,nan,nan,nan,3.068e+06,3.085e+05,45.36,0.6935,4.914e+54,2.338,380$
52,1,2.437e+07,2.442e+06,4.765e+05,5.695e+04,nan,nan,43.28,0.5617,43.96,0.9766,nan,nan,168.3,87.26,194.7,58.39,1.16e+05,3245,nan,nan,nan,nan,nan,nan,nan,nan,3.144e+06,3.161e+05,45.37,0.6939,5.052e+54,2.333,380.9
53,0,2.809e+05,3.63e+04,nan,nan,nan,nan,6.412,0.09979,nan,nan,nan,nan,79.41,33.05,77.83,30,1.055e+04,806.3,nan,nan,nan,nan,nan,nan,nan,nan,1.038e+05,1.161e+04,7.834,0.1187,2.384e+52,0.4472,243.2
54,0,4.491e+05,5.081e+04,nan,nan,nan,nan,9.442,0.1687,nan,nan,nan,nan,24.76,50.93,49.53,11.13,8224,528,nan,nan,nan,nan,nan,nan,nan,nan,7.303e+04,9040,9.244,0.1426,5.214e+52,0.9278,330
55,0,1.507e+05,2.026e+04,nan,nan,nan,nan,6.174,0.0911,nan,nan,nan,nan,25.39,17.29,16.79,15.53,2580,230.4,nan,nan,nan,nan,nan,nan,nan,nan,3.38e+04,4544,6.449,0.0936,1.005e+51,0.05504,391.6
56,2,1.712e+06,1.731e+05,1.444e+05,1.559e+04,6.212e+04,8803,10.67,0.1585,10.39,0.1938,10.28,0.1792,26.73,40.75,44.72,10.73,6105,422.4,nan,nan,nan,nan,nan,nan,nan,nan,3.606e+05,3.651e+04,10.4,0.14,1.112e+54,17.4$
57,2,2.912e+05,3.68e+04,nan,nan,nan,nan,8.868,0.1264,nan,nan,nan,nan,44.18,18.71,36.13,10.88,7648,556.8,nan,nan,nan,nan,nan,nan,nan,nan,5.432e+04,7414,10.07,0.1592,5.2e+52,1.032,254.7
58,2,9.408e+04,1.322e+04,nan,nan,nan,nan,6.07,0.1008,nan,nan,nan,nan,14.94,12,nan,3.36,1751,192,nan,nan,nan,nan,nan,nan,nan,nan,1.329e+04,2471,5.942,0.09036,1.373e+52,1.598,399.5
59,2,3.415e+05,3.677e+04,1.304e+04,3414,7788,3361,7.604,0.1286,7.53,0.1547,7.341,0.2173,19.18,12.75,nan,1.695,3502,364.8,1.397e+04,3072,5.942,0.05446,nan,nan,nan,nan,3.903e+04,4959,7.494,0.1146,9.256e+52,5,526.3
60,0,5.808e+05,6.322e+04,nan,nan,nan,nan,9.966,0.2043,nan,nan,nan,nan,25.92,31.26,35.54,7.212,7533,460.8,nan,nan,nan,nan,nan,nan,nan,nan,7.595e+04,9436,9.438,0.1362,5.255e+52,0.8469,363
61,1,1.208e+07,1.212e+06,2.618e+05,3.377e+04,nan,nan,38.35,0.5339,38.18,0.7746,nan,nan,167.8,80.88,187,88.05,6.888e+04,2707,nan,nan,nan,nan,nan,nan,nan,nan,1.608e+06,1.623e+05,39.63,0.6175,2.265e+54,2.369,383.9
62,0,1.738e+06,1.798e+05,nan,nan,nan,nan,13.34,0.1832,nan,nan,nan,nan,52.03,31.27,58.49,20.63,2.446e+04,1277,nan,nan,nan,nan,nan,nan,nan,nan,2.873e+05,3.052e+04,12.93,0.1751,3.087e+53,1.472,314.1
63,2,1.627e+05,1.881e+04,4463,2126,3695,2158,4.741,0.08092,5.177,0.1618,4.376,0.1191,25.82,11.13,nan,3.718,2096,211.2,nan,nan,nan,nan,nan,nan,nan,nan,2.28e+04,3113,4.561,0.06725,1.329e+52,1.496,378.9
64,2,1.184e+06,1.241e+05,nan,nan,nan,nan,12.94,0.179,nan,nan,nan,nan,46.64,30.6,53.79,20.67,1.507e+04,844.7,nan,nan,nan,nan,nan,nan,nan,nan,2.104e+05,2.262e+04,12.54,0.1671,2.038e+53,1.494,309.1
65,1,2.312e+06,2.329e+05,1.184e+05,1.354e+04,4.483e+04,8207,12.61,0.1788,12.07,0.1886,12.48,0.2259,27.15,41.14,45.54,17.82,7395,556.8,nan,nan,nan,nan,nan,nan,nan,nan,4.28e+05,4.327e+04,12.59,0.1773,1.688e+54,21$
66,1,6.905e+06,6.942e+05,1.628e+05,2.282e+04,nan,nan,36.3,0.5227,36.24,0.8258,nan,nan,52.57,148.9,140.7,96.6,4.412e+04,2150,nan,nan,nan,nan,nan,nan,nan,nan,9.22e+05,9.361e+04,37.64,0.6064,1.123e+54,2.166,377.3
67,2,1.053e+06,1.069e+05,5.909e+04,7279,2.187e+04,5006,9.743,0.163,9.308,0.1384,9.629,0.1888,31.51,16.07,21.45,22.35,3202,288,nan,nan,nan,nan,nan,nan,nan,nan,1.984e+05,2.026e+04,9.421,0.1338,9.451e+53,28.27,2016
68,0,7.063e+04,1.147e+04,nan,nan,nan,nan,6.163,0.09861,nan,nan,nan,nan,15.98,12.66,nan,2.032,1774,249.6,nan,nan,nan,nan,nan,nan,nan,nan,1.108e+04,2309,6.035,0.08591,7.421e+51,0.9139,1115
69,0,1.249e+04,5365,nan,nan,nan,nan,2.42,0.03256,nan,nan,nan,nan,10.49,16.4,nan,2.686,1014,144,nan,nan,nan,nan,nan,nan,nan,nan,2877,1205,2.456,0.0351,4.531e+51,1.672,360.1
70,2,6.214e+04,1.059e+04,nan,nan,nan,nan,3.786,0.0669,nan,nan,nan,nan,18.96,14.21,nan,2.656,1889,192,nan,nan,nan,nan,nan,nan,nan,nan,8723,2111,3.633,0.05431,1.241e+52,1.696,341.1
71,1,4.989e+06,5.025e+05,1.157e+05,1.768e+04,nan,nan,25.76,0.3412,20.06,0.3372,nan,nan,34.68,116.8,99.11,54.32,3.11e+04,1354,nan,nan,nan,nan,nan,nan,nan,nan,6.491e+05,6.63e+04,27.07,0.4233,5.682e+53,1.575,375.2
72,0,6.892e+06,6.943e+05,1.481e+05,2.196e+04,nan,nan,20.28,0.3974,20.67,0.7641,nan,nan,106.6,159,209.5,38.06,7.379e+04,3149,3192,6985,1.821,0.6019,1.19e+04,1.812e+04,3.288,0.2665,1.321e+06,1.334e+05,18.99,0.265$
73,2,5.085e+05,5.262e+04,2.391e+04,3942,9949,3425,8.273,0.1273,8.203,0.1481,7.737,0.1786,13.73,28.72,12.81,6.999,2373,259.2,nan,nan,nan,nan,nan,nan,nan,nan,9.866e+04,1.032e+04,8.166,0.1195,1.409e+53,7.75,1916
74,1,2.526e+06,2.568e+05,2.028e+04,8622,nan,nan,15.22,0.2918,12.63,0.7936,nan,nan,87.23,20.69,62.38,55.21,2.352e+04,1171,nan,nan,nan,nan,nan,nan,nan,nan,4.229e+05,4.353e+04,14.8,0.2279,1.859e+53,0.8866,1507
75,1,7.916e+05,8.304e+04,8357,4843,nan,nan,13.4,0.2818,13.39,0.6091,nan,nan,66.3,21.8,54.23,37.74,8938,633.6,nan,nan,nan,nan,nan,nan,nan,nan,1.412e+05,1.52e+04,13.35,0.2241,5.571e+52,0.8894,1604
76,2,2.623e+05,2.9e+04,2803,2507,nan,nan,4.941,0.08421,4.095,0.1254,nan,nan,18.67,25.66,19.68,13.46,2511,249.6,nan,nan,nan,nan,nan,nan,nan,nan,3.767e+04,4678,4.679,0.0647,1.801e+52,1.183,1522
77,2,5.706e+05,6.08e+04,nan,nan,nan,nan,10.16,0.1688,nan,nan,nan,nan,23.01,18.43,15.57,10.26,7994,585.6,nan,nan,nan,nan,nan,nan,nan,nan,9.869e+04,1.093e+04,9.851,0.143,4.812e+52,1.097,1362
78,1,2.063e+06,2.097e+05,5.256e+04,9970,nan,nan,16.14,0.2821,15.39,0.3652,nan,nan,32.55,84.78,80.09,24.7,1.765e+04,911.9,nan,nan,nan,nan,nan,nan,nan,nan,2.675e+05,2.804e+04,16.18,0.2605,1.948e+53,1.391,371.7
79,1,3.164e+06,3.217e+05,1.099e+05,1.61e+04,nan,nan,16.6,0.2086,20.42,0.6224,nan,nan,27.08,19.4,22.6,12.1,3.58e+04,1661,2.265e+04,5849,1.731,0.09396,8.125e+04,1.673e+04,6.394,0.1617,6.637e+05,6.764e+04,16.67,0.$
80,1,1.65e+06,1.698e+05,7.809e+04,1.15e+04,nan,nan,15.76,0.2156,14.67,0.4071,nan,nan,24.26,17.92,16.46,7.064,1.739e+04,739.1,2.372e+04,4312,4.339,0.0666,nan,nan,nan,nan,3.296e+05,3.417e+04,15.86,0.2154,1.445e+5$
81,2,9.851e+05,1.018e+05,2.709e+04,6369,nan,nan,13.75,0.186,12.99,0.2658,nan,nan,22.82,42.43,41,17.68,1.037e+04,748.7,nan,nan,nan,nan,nan,nan,nan,nan,1.286e+05,1.408e+04,14.68,0.2403,5.927e+52,0.9113,368.6
82,2,3.39e+05,3.695e+04,nan,nan,nan,nan,6.274,0.1047,nan,nan,nan,nan,29.66,22.16,29.31,7.402,4400,364.8,nan,nan,nan,nan,nan,nan,nan,nan,5.102e+04,6073,6.208,0.09957,1.605e+52,0.7474,1683
83,2,7.945e+05,8.394e+04,nan,nan,nan,nan,7.351,0.0793,nan,nan,nan,nan,53.27,27.85,55.15,18.35,8984,547.2,nan,nan,nan,nan,2.532e+04,7461,6.04,0.1784,1.789e+05,1.89e+04,7.453,0.08514,8.988e+52,1.231,1422
84,2,3.285e+05,3.609e+04,2.567e+04,4245,nan,nan,7.405,0.1091,6.421,0.09148,nan,nan,23.06,12.39,nan,15.57,3663,336,6541,1774,3.545,0.05568,nan,nan,nan,nan,6.453e+04,7273,7.4,0.1079,3.62e+53,16.24,1352
85,2,3.449e+05,3.888e+04,nan,nan,nan,nan,8.785,0.1557,nan,nan,nan,nan,35.37,19.44,30.65,19.7,4953,374.4,nan,nan,nan,nan,nan,nan,nan,nan,7.33e+04,8362,8.433,0.1276,2.53e+52,0.7896,1641
86,2,1.393e+06,1.431e+05,nan,nan,nan,nan,12.56,0.2138,nan,nan,nan,nan,28.24,58.31,58.94,20.31,1.05e+04,614.4,nan,nan,nan,nan,nan,nan,nan,nan,1.961e+05,2.095e+04,12.31,0.1814,3.967e+53,3.676,426.3
87,2,2.895e+05,3.226e+04,nan,nan,nan,nan,9.919,0.1932,nan,nan,nan,nan,15.43,21.02,nan,22.76,3801,345.6,nan,nan,nan,nan,nan,nan,nan,nan,3.911e+04,5049,9.609,0.1584,5.177e+52,2.565,380.6
88,2,1.569e+05,2.062e+04,nan,nan,nan,nan,7.911,0.1363,nan,nan,nan,nan,29.73,11.92,7.633,46.78,2142,240,nan,nan,nan,nan,nan,nan,nan,nan,2.326e+04,3795,7.592,0.1118,4.038e+52,2.27,408.9
89,0,1.826e+07,1.829e+06,6.623e+05,7.05e+04,2.541e+05,3.455e+04,47.65,0.5789,41.27,0.6081,0.3759,0.09297,90.28,60.07,116,47.64,4.23e+04,1200,nan,nan,nan,nan,nan,nan,nan,nan,2.303e+06,2.316e+05,49.81,0.7367,4.07$
90,0,3.107e+05,3.586e+04,3282,3251,nan,nan,7.484,0.1153,2.756,0.155,nan,nan,34.2,22.49,33.98,11.16,5345,451.2,nan,nan,nan,nan,nan,nan,nan,nan,3.667e+04,5438,7.433,0.1105,2.649e+52,0.8303,177.8
91,2,4.47e+04,8428,nan,nan,nan,nan,3.386,0.05931,nan,nan,nan,nan,14.19,16.62,nan,2.142,1659,201.6,nan,nan,nan,nan,nan,nan,nan,nan,6088,1714,3.231,0.04766,1.842e+52,3.625,408.5
92,0,1.705e+05,2.294e+04,nan,nan,nan,nan,7.478,0.0974,nan,nan,nan,nan,22.29,20.05,17.4,4.643,3294,278.4,nan,nan,nan,nan,nan,nan,nan,nan,2.7e+04,4375,7.761,0.1128,3.062e+52,1.306,159.8
93,2,2.477e+04,5474,nan,nan,nan,nan,1.751,0.02772,nan,nan,nan,nan,14.74,11.75,nan,3.221,1106,153.6,nan,nan,nan,nan,nan,nan,nan,nan,6427,1270,1.728,0.02595,1.206e+52,5.085,1440
94,0,4.496e+04,8064,nan,nan,nan,nan,2.743,0.04703,nan,nan,nan,nan,14.81,15.39,nan,1.342,1244,153.6,nan,nan,nan,nan,nan,nan,nan,nan,7595,1683,2.64,0.03742,3.77e+51,0.845,468
95,1,1.446e+07,1.449e+06,5.491e+05,5.874e+04,2.091e+05,2.912e+04,44.23,0.6072,39.06,0.6021,42.91,1.138,67.3,87.88,121.5,42.31,3.61e+04,1248,nan,nan,nan,nan,281,1965,0.6437,0.05862,1.837e+06,1.849e+05,45.9,0.726$
96,1,1.078e+07,1.081e+06,4.276e+05,4.615e+04,1.599e+05,2.328e+04,43.77,0.5805,38.64,0.5999,43.16,1.215,30.04,91.88,80.1,47.1,2.536e+04,940.7,nan,nan,nan,nan,292.2,1413,0.4404,0.03881,1.355e+06,1.365e+05,44.82,0$
97,2,4.295e+05,4.691e+04,nan,nan,nan,nan,9.44,0.1463,nan,nan,nan,nan,33.75,19.63,29.54,13.29,4584,364.8,nan,nan,nan,nan,nan,nan,nan,nan,6.966e+04,8150,9.474,0.148,6.394e+52,1.805,389.2
98,2,5.282e+06,5.305e+05,2.476e+05,2.726e+04,8.516e+04,1.419e+04,18.25,0.238,16.28,0.2203,17.6,0.3362,31.58,41.69,51,5.6,1.357e+04,614.4,nan,nan,nan,nan,nan,nan,nan,nan,6.869e+05,6.958e+04,17.12,0.1853,1.046e+5$
99,2,7.25e+05,7.635e+04,nan,nan,nan,nan,14.61,0.2071,nan,nan,nan,nan,26.45,17.85,19.23,10.72,6128,508.8,nan,nan,nan,nan,nan,nan,nan,nan,1.123e+05,1.245e+04,14.47,0.1965,3.566e+53,6.251,406.7
100,2,6.201e+05,6.505e+04,2.602e+04,5158,8675,4349,9.609,0.1483,9.395,0.1768,8.332,0.3954,18.97,25.13,19.55,7.243,3824,316.8,nan,nan,nan,nan,nan,nan,nan,nan,7.777e+04,8939,9.152,0.1218,3.858e+52,1.004,521.2
101,2,2.876e+05,3.466e+04,nan,nan,nan,nan,8.066,0.1536,nan,nan,nan,nan,25.41,48.44,48.73,31.19,6957,489.6,nan,nan,nan,nan,nan,nan,nan,nan,4.296e+04,6104,7.736,0.1213,4.04e+52,1.085,327
102,2,4.821e+05,5.36e+04,nan,nan,nan,nan,6.92,0.1061,nan,nan,nan,nan,45.99,24.46,45.76,19.54,7740,451.2,nan,nan,nan,nan,nan,nan,nan,nan,7.737e+04,9353,6.736,0.0929,1.36e+53,2.489,357.5
103,1,2.102e+06,2.128e+05,7.35e+04,1.049e+04,3.267e+04,8032,27.9,0.3491,27.6,0.5754,20.79,0.8384,22.43,33.38,33.17,9.598,5782,451.2,nan,nan,nan,nan,nan,nan,nan,nan,2.69e+05,2.788e+04,29.03,0.4252,4.222e+53,3.95$
104,2,1.865e+06,1.889e+05,6.608e+04,9588,2.922e+04,7416,22.12,0.2905,21.78,0.4266,16.56,0.5158,22.44,34.42,34.11,3.031,5414,432,nan,nan,nan,nan,nan,nan,nan,nan,2.338e+05,2.434e+04,22.14,0.2981,3.389e+53,3.716,5$
105,2,1.602e+06,1.636e+05,6.04e+04,9583,nan,nan,18.19,0.2288,15.95,0.242,nan,nan,32.71,21.84,31.78,12.59,7579,518.4,nan,nan,nan,nan,nan,nan,nan,nan,2.33e+05,2.446e+04,18.02,0.2479,3.126e+53,2.842,491.9
106,0,1.443e+05,2.065e+04,nan,nan,nan,nan,7.455,0.1073,nan,nan,nan,nan,16.56,24.07,13.22,15.27,2857,268.8,nan,nan,nan,nan,nan,nan,nan,nan,2.453e+04,4122,7.482,0.1032,3.72e+52,1.714,372.5
107,0,2.266e+05,2.982e+04,nan,nan,nan,nan,12.81,0.2229,nan,nan,nan,nan,27.38,12.32,3.633,99.15,5782,422.4,nan,nan,nan,nan,nan,nan,nan,nan,3.771e+04,5754,12.76,0.2016,2.6e+53,6.953,397.3
108,0,2.22e+05,2.556e+04,2293,2224,4845,2658,6.209,0.1124,1.862,0.1737,3.835,0.2535,24.96,14.51,8.898,24.17,2603,249.6,nan,nan,nan,nan,nan,nan,nan,nan,3.82e+04,4760,5.9,0.08675,-5.743e+51,-0.3599,335.6
109,0,5.541e+04,1.244e+04,nan,nan,nan,nan,4.433,0.06989,nan,nan,nan,nan,35.97,13.48,20.08,30.19,3571,316.8,nan,nan,nan,nan,nan,nan,nan,nan,1.579e+04,2956,4.344,0.06218,1.233e+52,0.9978,207.6
  
